x_metres,y_metres,z_metres
-4.837430340760529468e+00,-3.286841677293736108e+00,7.670106887817382812e+00
-4.316350251757490319e+00,-3.149889974796032277e+00,7.350519180297851562e+00
-3.619770303544489920e+00,-2.852730543211500880e+00,6.657073974609375000e+00
-3.677309168569923958e+00,-3.149889974796032277e+00,7.350519180297851562e+00
-3.429230928919299259e+00,-3.216908901734790049e+00,7.506913185119628906e+00
-3.941536933015779898e+00,-4.086343706905726236e+00,9.535808563232421875e+00
-3.434207423732936082e+00,-3.978808389216041075e+00,9.284866333007812500e+00
-3.198969440020245525e+00,-4.199853435952849878e+00,9.800692558288574219e+00
-2.170128457163990721e+00,-3.286841677293736108e+00,7.670106887817382812e+00
-1.797636678382466879e+00,-3.216908901734790049e+00,7.506913185119628906e+00
-1.440665377413441028e+00,-3.149889974796032277e+00,7.350519180297851562e+00
-1.121144835819657848e+00,-3.149889974796032277e+00,7.350519180297851562e+00
-8.744992395195625434e-01,-3.436243646020618936e+00,8.018748283386230469e+00
-4.821037526320912092e-01,-3.149889974796032277e+00,7.350519180297851562e+00
-1.625832110383079454e-01,-3.149889974796032277e+00,7.350519180297851562e+00
1.569373305554753462e-01,-3.149889974796032277e+00,7.350519180297851562e+00
4.764578721492586655e-01,-3.149889974796032277e+00,7.350519180297851562e+00
7.797339573735123652e-01,-3.085606510092791410e+00,7.200508594512939453e+00
1.070879014490659253e+00,-3.023894424845121609e+00,7.056498527526855469e+00
1.497411632781249224e+00,-3.286841677293736108e+00,7.670106887817382812e+00
1.830824368230816512e+00,-3.286841677293736108e+00,7.670106887817382812e+00
2.262611566410162478e+00,-3.436243646020618936e+00,8.018748283386230469e+00
3.023470890583526138e+00,-3.978808389216041075e+00,9.284866333007812500e+00
1.001760630390017148e+01,-1.163036317248123730e+01,2.714037895202636719e+01
1.010230901002872450e+01,-6.872487292041237872e+00,1.603749656677246094e+01
4.399773772977092712e+00,-2.799902222522830275e+00,6.533794879913330078e+00
-1.059627661463365733e+01,-6.469416162078608146e+00,1.680118751525878906e+01
-5.179620526114519841e+00,-3.396443466730316718e+00,8.820623397827148438e+00
-5.481366622628597973e+00,-3.881649623803355986e+00,1.008071231842041016e+01
-4.202639254266945734e+00,-3.234708081039304073e+00,8.400593757629394531e+00
-5.036682940464211278e+00,-4.245554149803373534e+00,1.102577877044677734e+01
-4.166767783841963890e+00,-3.881649623803355986e+00,1.008071231842041016e+01
-2.965906443472712706e+00,-3.087675778695094131e+00,8.018748283386230469e+00
-3.489784871956774559e+00,-4.116901160666473380e+00,1.069166469573974609e+01
-2.434778308500018529e+00,-3.313603256784050100e+00,8.605485916137695312e+00
-2.346914634799906363e+00,-3.773826033342680297e+00,9.800692558288574219e+00
-1.819787845153820305e+00,-3.575203494571262297e+00,9.284866333007812500e+00
-1.195887820025632653e+00,-3.019060716508430886e+00,7.840553760528564453e+00
-1.012578055864262527e+00,-3.575203494571262297e+00,9.284866333007812500e+00
-5.030647799161543920e-01,-2.953428941844169042e+00,7.670106887817382812e+00
-1.625832110383079454e-01,-2.830369433202248874e+00,7.350519180297851562e+00
1.537345280988476059e-01,-2.772606795455458961e+00,7.200508594512939453e+00
4.764578721492586655e-01,-2.830369433202248874e+00,7.350519180297851562e+00
7.797339573735123652e-01,-2.772606795455458961e+00,7.200508594512939453e+00
1.070879014490659253e+00,-2.717154699940444562e+00,7.056498527526855469e+00
1.435019496930608485e+00,-2.830369433202248874e+00,7.350519180297851562e+00
1.754540038524391887e+00,-2.830369433202248874e+00,7.350519180297851562e+00
1.991098189204690394e+00,-2.717154699940444562e+00,7.056498527526855469e+00
2.167771581927811386e+00,-2.563353448937886192e+00,6.657073974609375000e+00
4.069652494958612365e+00,-4.245554149803373534e+00,1.102577877044677734e+01
4.281349157165134756e+00,-3.995815821611017782e+00,1.037720394134521484e+01
9.464873995323026534e+00,-7.991631643222035564e+00,2.075440788269042969e+01
4.482788336116731998e+00,-2.563353448937886192e+00,6.657073974609375000e+00
-1.189293971820779916e+01,-6.026037600471252809e+00,1.764124679565429688e+01
-1.390761238005382161e+01,-7.532546674825397304e+00,2.205155754089355469e+01
-7.673511620903742170e+00,-4.463731399055458127e+00,1.306758975982666016e+01
-7.993659420327414722e+00,-5.021697783216931832e+00,1.470103836059570312e+01
-5.515963752854886160e+00,-3.766273337412698652e+00,1.102577877044677734e+01
-4.740407652762428370e+00,-3.544727981114639714e+00,1.037720394134521484e+01
-4.861229015450236446e+00,-4.017358291726279340e+00,1.176083087921142578e+01
-4.078121315682861514e+00,-3.766273337412698652e+00,1.102577877044677734e+01
-3.489784871956774559e+00,-3.652143990413981633e+00,1.069166469573974609e+01
-3.119559690901511750e+00,-3.766273337412698652e+00,1.102577877044677734e+01
-2.640278878510836424e+00,-3.766273337412698652e+00,1.102577877044677734e+01
-2.160998066120161543e+00,-3.766273337412698652e+00,1.102577877044677734e+01
-1.454458149662251065e+00,-3.257317445787883514e+00,9.535808563232421875e+00
-1.039945019103329704e+00,-3.257317445787883514e+00,9.535808563232421875e+00
-5.381623285195437090e-01,-2.802808065051310304e+00,8.205230712890625000e+00
-1.696520444665871596e-01,-2.620016206394601976e+00,7.670106887817382812e+00
1.537345280988476059e-01,-2.459607080818126512e+00,7.200508594512939453e+00
4.667342427361799162e-01,-2.459607080818126512e+00,7.200508594512939453e+00
7.797339573735123652e-01,-2.459607080818126512e+00,7.200508594512939453e+00
1.092733672010844703e+00,-2.459607080818126512e+00,7.200508594512939453e+00
1.435019496930608485e+00,-2.510848891608465916e+00,7.350519180297851562e+00
1.718733101285509379e+00,-2.459607080818126512e+00,7.200508594512939453e+00
2.031732815922841606e+00,-2.459607080818126512e+00,7.200508594512939453e+00
2.297837914109367663e+00,-2.410414975035767515e+00,7.056498527526855469e+00
2.893975095792643337e+00,-2.678238806856907850e+00,7.840553760528564453e+00
3.032622204899524831e+00,-2.510848891608465916e+00,7.350519180297851562e+00
3.283731674472171402e+00,-2.459607080818126512e+00,7.200508594512939453e+00
3.524796813728075850e+00,-2.410414975035767515e+00,7.056498527526855469e+00
3.991183829680875039e+00,-2.510848891608465916e+00,7.350519180297851562e+00
3.762069254222938586e+00,-2.191286296519288523e+00,6.414998531341552734e+00
4.274053835040487748e+00,-2.317706706765160884e+00,6.785094738006591797e+00
4.751755713346784482e+00,-2.410414975035767515e+00,7.056498527526855469e+00
-8.202026726773055998e+00,-3.627026097254780979e+00,1.216637611389160156e+01
-9.674860681521058936e+00,-4.573206941890068933e+00,1.534021377563476562e+01
-6.683380854329718623e+00,-3.393024450245865520e+00,1.138144874572753906e+01
-5.995244565245561041e+00,-3.286992525022023770e+00,1.102577877044677734e+01
-5.693897913558890522e+00,-3.393024450245865520e+00,1.138144874572753906e+01
-5.756209137051627067e+00,-3.756562926354926724e+00,1.260089015960693359e+01
-5.028857330333124764e+00,-3.627026097254780979e+00,1.216637611389160156e+01
-4.078121315682861514e+00,-3.286992525022023770e+00,1.102577877044677734e+01
-3.598840503292186632e+00,-3.286992525022023770e+00,1.102577877044677734e+01
-3.119559690901511750e+00,-3.286992525022023770e+00,1.102577877044677734e+01
-2.640278878510836424e+00,-3.286992525022023770e+00,1.102577877044677734e+01
-2.160998066120161543e+00,-3.286992525022023770e+00,1.102577877044677734e+01
-1.681717253729486661e+00,-3.286992525022023770e+00,1.102577877044677734e+01
-1.165999020694314936e+00,-3.187386820161489887e+00,1.069166469573974609e+01
-6.428050243592278168e-01,-2.921771228122341135e+00,9.800692558288574219e+00
-1.696520444665871596e-01,-2.286603470945034466e+00,7.670106887817382812e+00
1.569373305554753462e-01,-2.191328350014682513e+00,7.350519180297851562e+00
4.764578721492586655e-01,-2.191328350014682513e+00,7.350519180297851562e+00
7.959784137430419015e-01,-2.191328350014682513e+00,7.350519180297851562e+00
1.092733672010844703e+00,-2.146607366180794063e+00,7.200508594512939453e+00
1.435019496930608485e+00,-2.191328350014682513e+00,7.350519180297851562e+00
1.718733101285509379e+00,-2.146607366180794063e+00,7.200508594512939453e+00
2.031732815922841606e+00,-2.146607366180794063e+00,7.200508594512939453e+00
2.393581121711958470e+00,-2.191328350014682513e+00,7.350519180297851562e+00
2.657732245197506504e+00,-2.146607366180794063e+00,7.200508594512939453e+00
3.732458158870155973e+00,-2.697019551450116293e+00,9.046792984008789062e+00
4.348725678162649544e+00,-2.842804315228961709e+00,9.535808563232421875e+00
5.183524838157890890e+00,-3.093640140618261203e+00,1.037720394134521484e+01
4.672605484398387077e+00,-2.565457594373691474e+00,8.605485916137695312e+00
5.592265069839413627e+00,-2.842804315228961709e+00,9.535808563232421875e+00
4.831538987276921659e+00,-2.286603470945034466e+00,7.670106887817382812e+00
6.252310047741756804e+00,-2.767993705281704298e+00,9.284866333007812500e+00
-7.433087002417585687e+00,-2.807711712631348888e+00,1.102577877044677734e+01
-6.743085063724217676e+00,-2.722629649908997695e+00,1.069166469573974609e+01
-6.474525377636235923e+00,-2.807711712631348888e+00,1.102577877044677734e+01
-5.995244565245561041e+00,-2.807711712631348888e+00,1.102577877044677734e+01
-5.693897913558890522e+00,-2.898282979860451469e+00,1.138144874572753906e+01
-5.969402051918438978e+00,-3.327658353065256591e+00,1.306758975982666016e+01
-5.208459631254373612e+00,-3.208813420557673268e+00,1.260089015960693359e+01
-4.660710125457120157e+00,-3.208813420557673268e+00,1.260089015960693359e+01
-4.265292482933136675e+00,-3.327658353065256591e+00,1.306758975982666016e+01
-3.442272632113159148e+00,-3.098164531181458958e+00,1.216637611389160156e+01
-2.725449091246405331e+00,-2.898282979860451469e+00,1.138144874572753906e+01
-2.160998066120161543e+00,-2.807711712631348888e+00,1.102577877044677734e+01
-1.681717253729486661e+00,-2.807711712631348888e+00,1.102577877044677734e+01
-1.131704928791402942e+00,-2.642552300121882691e+00,1.037720394134521484e+01
-5.142440007225866916e-01,-1.996594987553862000e+00,7.840553760528564453e+00
-1.660424278456348601e-01,-1.911633501305324279e+00,7.506913185119628906e+00
1.569373305554753462e-01,-1.871807808420899333e+00,7.350519180297851562e+00
4.235181120113859499e-01,-1.663829176532628296e+00,6.533794879913330078e+00
7.959784137430419015e-01,-1.871807808420899333e+00,7.350519180297851562e+00
1.115498955336825304e+00,-1.871807808420899333e+00,7.350519180297851562e+00
1.435019496930608485e+00,-1.871807808420899333e+00,7.350519180297851562e+00
1.754540038524391887e+00,-1.871807808420899333e+00,7.350519180297851562e+00
1.991098189204690394e+00,-1.796935525226413422e+00,7.056498527526855469e+00
2.393581121711958470e+00,-1.871807808420899333e+00,7.350519180297851562e+00
2.713101663305741873e+00,-1.871807808420899333e+00,7.350519180297851562e+00
3.097146073228029373e+00,-1.911633501305324279e+00,7.506913185119628906e+00
3.352142746493308234e+00,-1.871807808420899333e+00,7.350519180297851562e+00
3.831300780928220018e+00,-1.953190735495467401e+00,7.670106887817382812e+00
3.991183829680875039e+00,-1.871807808420899333e+00,7.350519180297851562e+00
4.702586637688837889e+00,-2.041972176718519272e+00,8.018748283386230469e+00
5.051154505014362250e+00,-2.041972176718519272e+00,8.018748283386230469e+00
5.399722372339887499e+00,-2.041972176718519272e+00,8.018748283386230469e+00
-7.433087002417585687e+00,-2.328430900240674006e+00,1.102577877044677734e+01
-7.417393389655878799e+00,-2.483659667202894106e+00,1.176083087921142578e+01
-6.474525377636235923e+00,-2.328430900240674006e+00,1.102577877044677734e+01
-5.995244565245561041e+00,-2.328430900240674006e+00,1.102577877044677734e+01
-5.348813552966742435e+00,-2.257872479656505948e+00,1.069166469573974609e+01
-5.036682940464211278e+00,-2.328430900240674006e+00,1.102577877044677734e+01
-4.704414972788062421e+00,-2.403541509475036975e+00,1.138144874572753906e+01
-4.349996140609108330e+00,-2.483659667202894106e+00,1.176083087921142578e+01
-4.265292482933136675e+00,-2.759621830070155379e+00,1.306758975982666016e+01
-5.253995268886756165e+00,-3.921567831984293040e+00,1.856973266601562500e+01
-2.913411066039837127e+00,-2.569302965108137382e+00,1.216637611389160156e+01
-2.160998066120161543e+00,-2.328430900240674006e+00,1.102577877044677734e+01
-1.630756190946806683e+00,-2.257872479656505948e+00,1.069166469573974609e+01
-1.202436441338811779e+00,-2.328430900240674006e+00,1.102577877044677734e+01
-5.509757441006694068e-01,-1.774042676972793497e+00,8.400593757629394531e+00
-1.734220910710637109e-01,-1.655773077902338963e+00,7.840553760528564453e+00
1.569373305554753462e-01,-1.552287266827116152e+00,7.350519180297851562e+00
4.764578721492586655e-01,-1.552287266827116152e+00,7.350519180297851562e+00
7.491561480362638470e-01,-1.460976239284489164e+00,6.918135643005371094e+00
1.115498955336825304e+00,-1.552287266827116152e+00,7.350519180297851562e+00
1.435019496930608485e+00,-1.552287266827116152e+00,7.350519180297851562e+00
1.754540038524391887e+00,-1.552287266827116152e+00,7.350519180297851562e+00
1.952057000752771554e+00,-1.460976239284489164e+00,6.918135643005371094e+00
2.344732530560174055e+00,-1.520607936906129387e+00,7.200508594512939453e+00
2.657732245197506504e+00,-1.520607936906129387e+00,7.200508594512939453e+00
3.032622204899524831e+00,-1.552287266827116152e+00,7.350519180297851562e+00
3.352142746493308234e+00,-1.552287266827116152e+00,7.350519180297851562e+00
3.749783773442762147e+00,-1.585314651197957891e+00,7.506913185119628906e+00
3.991183829680875039e+00,-1.552287266827116152e+00,7.350519180297851562e+00
4.811949065608921217e+00,-1.732785786225617963e+00,8.205230712890625000e+00
4.938906553701780666e+00,-1.655773077902338963e+00,7.840553760528564453e+00
6.599660820013655282e+00,-2.069716422902001973e+00,9.800692558288574219e+00
-8.494956666037895232e+00,-2.113314408963165469e+00,1.260089015960693359e+01
-1.390761238005382161e+01,-3.698300175699997805e+00,2.205155754089355469e+01
-1.218734234850312603e+01,-3.480753238258253113e+00,2.075440788269042969e+01
-9.135611210567146756e+00,-2.817752651912332151e+00,1.680118751525878906e+01
-6.537438574913539746e+00,-2.191585307075054168e+00,1.306758975982666016e+01
-8.954103295701509424e+00,-3.287378040583665229e+00,1.960138511657714844e+01
-8.578639624532099717e+00,-3.480753238258253113e+00,2.075440788269042969e+01
-7.676463943539343582e+00,-3.480753238258253113e+00,2.075440788269042969e+01
-6.397938880040491050e+00,-3.287378040583665229e+00,1.960138511657714844e+01
-4.991295721303376176e+00,-2.958640268513732074e+00,1.764124679565429688e+01
-2.816297516085723096e+00,-1.972426792361765546e+00,1.176083087921142578e+01
-2.160998066120161543e+00,-1.849150087849998902e+00,1.102577877044677734e+01
-1.681717253729486661e+00,-1.849150087849998902e+00,1.102577877044677734e+01
-1.039945019103329704e+00,-1.599264923552197404e+00,9.535808563232421875e+00
-4.923612779530012751e-01,-1.258995801090591504e+00,7.506913185119628906e+00
-1.625832110383079454e-01,-1.232766725233332750e+00,7.350519180297851562e+00
1.537345280988476059e-01,-1.207608222268796938e+00,7.200508594512939453e+00
4.764578721492586655e-01,-1.232766725233332750e+00,7.350519180297851562e+00
7.959784137430419015e-01,-1.232766725233332750e+00,7.350519180297851562e+00
1.115498955336825304e+00,-1.232766725233332750e+00,7.350519180297851562e+00
1.405733386648176930e+00,-1.207608222268796938e+00,7.200508594512939453e+00
1.754540038524391887e+00,-1.232766725233332750e+00,7.350519180297851562e+00
1.914517489619894652e+00,-1.137938534054864892e+00,6.785094738006591797e+00
2.393581121711958470e+00,-1.232766725233332750e+00,7.350519180297851562e+00
2.713101663305741873e+00,-1.232766725233332750e+00,7.350519180297851562e+00
3.032622204899524831e+00,-1.232766725233332750e+00,7.350519180297851562e+00
3.352142746493308234e+00,-1.232766725233332750e+00,7.350519180297851562e+00
3.671663288087091637e+00,-1.232766725233332750e+00,7.350519180297851562e+00
3.991183829680875039e+00,-1.232766725233332750e+00,7.350519180297851562e+00
4.310704371274658442e+00,-1.232766725233332750e+00,7.350519180297851562e+00
5.051154505014362250e+00,-1.344836442067468996e+00,8.018748283386230469e+00
6.987876200143404049e+00,-1.740376619129126556e+00,1.037720394134521484e+01
-7.433087002417585687e+00,-1.369869275459324021e+00,1.102577877044677734e+01
-7.178122324715133118e+00,-1.414058568704208430e+00,1.138144874572753906e+01
-7.968646747863173729e+00,-1.685992981754581566e+00,1.357018947601318359e+01
-7.378762661508025289e+00,-1.685992981754581566e+00,1.357018947601318359e+01
-8.825542386250278426e+00,-2.191790935524351447e+00,1.764124679565429688e+01
-1.007336588092842256e+01,-2.739738550918648041e+00,2.205155754089355469e+01
-8.578639624532099717e+00,-2.578577557265496978e+00,2.075440788269042969e+01
-6.524994387282136543e+00,-2.191790935524351447e+00,1.764124679565429688e+01
-4.429342229732284864e+00,-1.685992981754581566e+00,1.357018947601318359e+01
-3.697255959938035463e+00,-1.623548784079953400e+00,1.306758975982666016e+01
-2.913411066039837127e+00,-1.511579832961493119e+00,1.216637611389160156e+01
-2.160998066120161543e+00,-1.369869275459324021e+00,1.102577877044677734e+01
-1.494859829579566979e+00,-1.217661617681662811e+00,9.800692558288574219e+00
-1.039945019103329704e+00,-1.184751792993276043e+00,9.535808563232421875e+00
-5.259313721940375164e-01,-9.962685747419440796e-01,8.018748283386230469e+00
-1.625832110383079454e-01,-9.132461836395494581e-01,7.350519180297851562e+00
1.637606909829801283e-01,-9.529525291467653147e-01,7.670106887817382812e+00
4.667342427361799162e-01,-8.946085076314646001e-01,7.200508594512939453e+00
7.797339573735123652e-01,-8.946085076314646001e-01,7.200508594512939453e+00
1.115498955336825304e+00,-9.132461836395494581e-01,7.350519180297851562e+00
1.435019496930608485e+00,-9.132461836395494581e-01,7.350519180297851562e+00
1.619575446442320654e+00,-8.429964908772907828e-01,6.785094738006591797e+00
2.031732815922841606e+00,-8.946085076314646001e-01,7.200508594512939453e+00
2.444508373013296598e+00,-9.326769509832251170e-01,7.506913185119628906e+00
2.713101663305741873e+00,-9.132461836395494581e-01,7.350519180297851562e+00
3.032622204899524831e+00,-9.132461836395494581e-01,7.350519180297851562e+00
3.423464923335395760e+00,-9.326769509832251170e-01,7.506913185119628906e+00
3.671663288087091637e+00,-9.132461836395494581e-01,7.350519180297851562e+00
2.859355618116592446e+00,-6.542659314497362155e-01,5.266043663024902344e+00
2.586422734621057984e+00,-5.479477338810878617e-01,4.410311698913574219e+00
2.743836907530246005e+00,-5.411829082788526257e-01,4.355863094329833984e+00
3.085555641337078825e+00,-5.692963284239679345e-01,4.582141876220703125e+00
-7.672863795100547613e+00,-9.193170983187941570e-01,1.138144874572753906e+01
-6.953806190026910805e+00,-8.905884630686491388e-01,1.102577877044677734e+01
-7.399457654443388321e+00,-1.017815397368658337e+00,1.260089015960693359e+01
-6.394927639973621680e+00,-9.499610426795087603e-01,1.176083087921142578e+01
-3.677309168569923958e+00,-5.937256420457661665e-01,7.350519180297851562e+00
-2.442028191357125344e+00,-4.318004844495152428e-01,5.345832347869873047e+00
-1.822960930067879293e+00,-3.562354006337427603e-01,4.410311698913574219e+00
-1.838026523381160793e+00,-4.013919866097326317e-01,4.969365119934082031e+00
-5.483947700400870318e+00,-1.357087247845821576e+00,1.680118751525878906e+01
-3.565211113862612802e+00,-1.017815397368658337e+00,1.260089015960693359e+01
-1.594130643629184219e+00,-5.377137890225807126e-01,6.657073974609375000e+00
-1.440665377413441028e+00,-5.937256420457661665e-01,7.350519180297851562e+00
-9.784536709300630797e-01,-5.181605582299936286e-01,6.414998531341552734e+00
-8.186801280603677178e-01,-6.063581008758586188e-01,7.506913185119628906e+00
-4.821037526320912092e-01,-5.937256420457661665e-01,7.350519180297851562e+00
-1.625832110383079454e-01,-5.937256420457661665e-01,7.350519180297851562e+00
1.537345280988476059e-01,-5.816087929941322621e-01,7.200508594512939453e+00
4.667342427361799162e-01,-5.816087929941322621e-01,7.200508594512939453e+00
7.797339573735123652e-01,-5.816087929941322621e-01,7.200508594512939453e+00
1.115498955336825304e+00,-5.937256420457661665e-01,7.350519180297851562e+00
1.405733386648176930e+00,-5.816087929941322621e-01,7.200508594512939453e+00
1.718733101285509379e+00,-5.816087929941322621e-01,7.200508594512939453e+00
1.991098189204690394e+00,-5.699766256077053450e-01,7.056498527526855469e+00
2.393581121711958470e+00,-5.937256420457661665e-01,7.350519180297851562e+00
2.713101663305741873e+00,-5.937256420457661665e-01,7.350519180297851562e+00
3.032622204899524831e+00,-5.937256420457661665e-01,7.350519180297851562e+00
3.423464923335395760e+00,-6.063581008758586188e-01,7.506913185119628906e+00
3.671663288087091637e+00,-5.937256420457661665e-01,7.350519180297851562e+00
2.993387872260655946e+00,-4.452942315343245694e-01,5.512889385223388672e+00
2.586422734621057984e+00,-3.562354006337427603e-01,4.410311698913574219e+00
2.710375573404372851e+00,-3.475467191738976225e-01,4.302742958068847656e+00
3.167837142231189063e+00,-3.799844170718035263e-01,4.704332351684570312e+00
-7.433087002417585687e+00,-4.113076506779743124e-01,1.102577877044677734e+01
-6.743085063724217676e+00,-3.988437986465385166e-01,1.069166469573974609e+01
-6.278327893471725929e+00,-3.988437986465385166e-01,1.069166469573974609e+01
-5.995244565245561041e+00,-4.113076506779743124e-01,1.102577877044677734e+01
-3.268719287456769873e+00,-2.437378690448758212e-01,6.533794879913330078e+00
-2.442028191357125344e+00,-1.994218993232692583e-01,5.345832347869873047e+00
-1.822960930067879293e+00,-1.645230673863976312e-01,4.410311698913574219e+00
-1.631248596820534136e+00,-1.645230673863976312e-01,4.410311698913574219e+00
-1.439536263573189201e+00,-1.645230673863976312e-01,4.410311698913574219e+00
-1.247823930325844044e+00,-1.645230673863976312e-01,4.410311698913574219e+00
-1.043073107585841264e+00,-1.624919067672439543e-01,4.355863094329833984e+00
-8.753410136513588569e-01,-1.666056353828302972e-01,4.466138362884521484e+00
-6.726869305838086843e-01,-1.645230673863976312e-01,4.410311698913574219e+00
-4.809745973364635829e-01,-1.645230673863976312e-01,4.410311698913574219e+00
-4.821037526320912092e-01,-2.742051004519828195e-01,7.350519180297851562e+00
-1.625832110383079454e-01,-2.742051004519828195e-01,7.350519180297851562e+00
1.569373305554753462e-01,-2.742051004519828195e-01,7.350519180297851562e+00
4.667342427361799162e-01,-2.686090783567999241e-01,7.200508594512939453e+00
7.959784137430419015e-01,-2.742051004519828195e-01,7.350519180297851562e+00
1.115498955336825304e+00,-2.742051004519828195e-01,7.350519180297851562e+00
1.435019496930608485e+00,-2.742051004519828195e-01,7.350519180297851562e+00
1.718733101285509379e+00,-2.686090783567999241e-01,7.200508594512939453e+00
2.031732815922841606e+00,-2.686090783567999241e-01,7.200508594512939453e+00
2.393581121711958470e+00,-2.742051004519828195e-01,7.350519180297851562e+00
2.713101663305741873e+00,-2.742051004519828195e-01,7.350519180297851562e+00
3.032622204899524831e+00,-2.742051004519828195e-01,7.350519180297851562e+00
3.352142746493308234e+00,-2.742051004519828195e-01,7.350519180297851562e+00
3.671663288087091637e+00,-2.742051004519828195e-01,7.350519180297851562e+00
4.076102623550128534e+00,-2.800392507684922871e-01,7.506913185119628906e+00
2.687192364393621524e+00,-1.709330514805108558e-01,4.582141876220703125e+00
2.886374002865350175e+00,-1.709330514805108558e-01,4.582141876220703125e+00
6.252310047741756804e+00,-3.463643374130309649e-01,9.284866333007812500e+00
-4.635870793351274166e+00,4.531544114180043742e-02,7.350519180297851562e+00
-4.228261476823805154e+00,4.439063628053242783e-02,7.200508594512939453e+00
-4.263285006889339535e+00,4.833647035527594005e-02,7.840553760528564453e+00
-3.602262047549140700e+00,4.439063628053242783e-02,7.200508594512939453e+00
-2.518341470232105639e+00,3.398658085635033327e-02,5.512889385223388672e+00
-1.846036357435095754e+00,2.753343337391708431e-02,4.466138362884521484e+00
-1.517440489556413308e+00,2.529233924193512867e-02,4.102615356445312500e+00
-1.028240154914966675e+00,1.942090355646219207e-02,3.150222539901733398e+00
-8.388731873896621005e-01,1.827849711906229593e-02,2.964915275573730469e+00
-7.476896090719284960e-01,1.924903733541098727e-02,3.122344493865966797e+00
-5.715036014826619937e-01,1.797637273813818687e-02,2.915908336639404297e+00
-5.029434655159154000e-01,2.032842169992894049e-02,3.297429084777832031e+00
-3.562774669894079316e-01,2.014019622633730910e-02,3.266897439956665039e+00
-2.047874388978785098e-01,1.924903733541098727e-02,3.122344493865966797e+00
-6.396716594963497426e-02,1.782902628805548700e-02,2.892007589340209961e+00
6.550427639319204853e-02,1.891427088077458213e-02,3.068042755126953125e+00
2.041962331288540156e-01,1.942090355646219207e-02,3.150222539901733398e+00
3.473360336796157966e-01,1.977401059988561152e-02,3.207499265670776367e+00
4.738402738196841324e-01,1.924903733541098727e-02,3.122344493865966797e+00
1.324633403264746656e+00,4.182963865543148918e-02,6.785094738006591797e+00
1.452033080383352548e+00,3.750243262923649151e-02,6.083188056945800781e+00
2.031732815922841606e+00,4.439063628053242783e-02,7.200508594512939453e+00
2.344732530560174055e+00,4.439063628053242783e-02,7.200508594512939453e+00
2.713101663305741873e+00,4.531544114180043742e-02,7.350519180297851562e+00
3.032622204899524831e+00,4.531544114180043742e-02,7.350519180297851562e+00
3.352142746493308234e+00,4.531544114180043742e-02,7.350519180297851562e+00
3.671663288087091637e+00,4.531544114180043742e-02,7.350519180297851562e+00
3.247064845694673796e+00,3.686679997158924527e-02,5.980083465576171875e+00
2.586422734621057984e+00,2.718926586094747369e-02,4.410311698913574219e+00
2.743836907530246005e+00,2.685359398856040566e-02,4.355863094329833984e+00
2.969847401115748298e+00,2.718926586094747369e-02,4.410311698913574219e+00
-1.132660931666691262e+01,8.339108582539442871e-01,1.680118751525878906e+01
-9.674860681521058936e+00,7.613968253030074518e-01,1.534021377563476562e+01
-4.932971956300201022e+00,4.169554291269721435e-01,8.400593757629394531e+00
-5.185076324692544425e+00,4.733007292424100676e-01,9.535808563232421875e+00
-3.837192134411827382e+00,3.806984126515037259e-01,7.670106887817382812e+00
-2.479597795519091541e+00,2.694173454664044454e-01,5.428075790405273438e+00
-1.893985320456135879e+00,2.274302254629463060e-01,4.582141876220703125e+00
-1.403224530195628317e+00,1.883024415570421495e-01,3.793816328048706055e+00
-1.046935414894796246e+00,1.592011554573268262e-01,3.207499265670776367e+00
-7.860307622321059950e-01,1.378907605626598365e-01,2.778148889541625977e+00
-5.826822132079674255e-01,1.207732862663589979e-01,2.433275222778320312e+00
-4.216581615224150315e-01,1.067812638169356315e-01,2.151371479034423828e+00
-3.006421820782840260e-01,9.783310991225444009e-02,1.971088886260986328e+00
-2.186248098798906359e-01,9.950072364003900716e-02,2.004687070846557617e+00
-1.192834037609570297e-01,9.026869755229809111e-02,1.818685173988342285e+00
-4.241301111664678991e-02,9.517460316287593147e-02,1.917526721954345703e+00
4.280109061425310668e-02,9.950072364003900716e-02,2.004687070846557617e+00
1.314366597150375959e-01,1.006444131110844492e-01,2.027729511260986328e+00
2.221335108120116864e-01,1.018146928564419712e-01,2.051307678222656250e+00
3.305181996081990037e-01,1.080995473721823724e-01,2.177931547164916992e+00
4.387320814241011946e-01,1.115422127896915777e-01,2.247292518615722656e+00
5.540652753234921457e-01,1.152113629691317032e-01,2.321216583251953125e+00
6.865855453680054232e-01,1.207732862663589979e-01,2.433275222778320312e+00
7.978603997830746586e-01,1.216119981897538782e-01,2.450173139572143555e+00
2.604577639014044710e+00,3.502425491063257401e-01,7.056498527526855469e+00
3.032622204899524831e+00,3.648359827355837082e-01,7.350519180297851562e+00
3.352142746493308234e+00,3.648359827355837082e-01,7.350519180297851562e+00
3.831300780928220018e+00,3.806984126515037259e-01,7.670106887817382812e+00
4.076102623550128534e+00,3.725984494462405983e-01,7.506913185119628906e+00
2.998750927765122753e+00,2.537989496567877867e-01,5.113404750823974609e+00
4.938906553701780666e+00,3.891583800067989207e-01,7.840553760528564453e+00
5.399722372339887499e+00,3.980028945601560286e-01,8.018748283386230469e+00
-6.259441686246388414e+00,8.644503465213057014e-01,9.284866333007812500e+00
-4.635870793351274166e+00,6.843565243293669997e-01,7.350519180297851562e+00
-4.408187479241398421e+00,6.989172995536069299e-01,7.506913185119628906e+00
-4.461577350880417292e+00,7.639328643676656094e-01,8.205230712890625000e+00
-3.677309168569923958e+00,6.843565243293669997e-01,7.350519180297851562e+00
-2.686230945145682725e+00,5.474852283425023503e-01,5.880415439605712891e+00
-1.893985320456135879e+00,4.266118639346749286e-01,4.582141876220703125e+00
-1.418476964031562870e+00,3.570555740505355624e-01,3.835053443908691406e+00
-1.056540319104617209e+00,3.013680072518508668e-01,3.236925840377807617e+00
-7.738442644096772405e-01,2.546442881225551846e-01,2.735076904296875000e+00
-5.867286586999765907e-01,2.281188488422962735e-01,2.450173139572143555e+00
-4.216581615224150315e-01,2.002994716182304458e-01,2.151371479034423828e+00
-2.940707688585130763e-01,1.795033459131489817e-01,1.928004980087280273e+00
-2.057645254162986381e-01,1.756637073732472132e-01,1.886764287948608398e+00
-1.264534399807897558e-01,1.795033459131489817e-01,1.928004980087280273e+00
-4.409036191325832466e-02,1.855882082945936040e-01,1.993361115455627441e+00
4.354330555822230608e-02,1.898792667376421883e-01,2.039450407028198242e+00
1.394510852853538541e-01,2.002994716182304458e-01,2.151371479034423828e+00
2.287842136463454634e-01,1.967012755235147681e-01,2.112724065780639648e+00
3.346497010738035405e-01,2.053069661778188226e-01,2.205155849456787109e+00
4.387320814241011946e-01,2.092300230048410870e-01,2.247292518615722656e+00
5.690400063420105736e-01,2.219534649503328572e-01,2.383952140808105469e+00
6.818829313713646867e-01,2.249939261109908384e-01,2.416609048843383789e+00
8.034398018764375982e-01,2.297140737502028351e-01,2.467307090759277344e+00
2.713101663305741873e+00,6.843565243293669997e-01,7.350519180297851562e+00
3.032622204899524831e+00,6.843565243293669997e-01,7.350519180297851562e+00
3.283731674472171402e+00,6.703900655551972010e-01,7.200508594512939453e+00
3.524796813728075850e+00,6.569822740110028425e-01,7.056498527526855469e+00
2.902679266546531966e+00,4.977138560554685842e-01,5.345832347869873047e+00
2.619162223970093795e+00,4.158115708874118854e-01,4.466138362884521484e+00
2.886374002865350175e+00,4.266118639346749286e-01,4.582141876220703125e+00
4.949745454462224359e+00,6.843565243293669997e-01,7.350519180297851562e+00
-4.757175758698203971e+00,9.637219989156798894e-01,7.056498527526855469e+00
-4.045850857793769961e+00,8.761108903444185803e-01,6.414998531341552734e+00
-3.909147397818105052e+00,9.091716823454947249e-01,6.657073974609375000e+00
-3.251658104442233022e+00,8.167135539880181483e-01,5.980083465576171875e+00
-3.460996836471512683e+00,9.448254661485260275e-01,6.918135643005371094e+00
-2.731760268431280725e+00,8.167135539880181483e-01,5.980083465576171875e+00
-1.918906159188857430e+00,6.340276205830422951e-01,4.642433166503906250e+00
-1.418476964031562870e+00,5.237619417753192064e-01,3.835053443908691406e+00
-1.056540319104617209e+00,4.420742991813577660e-01,3.236925840377807617e+00
-7.860307622321059950e-01,3.794180910929472184e-01,2.778148889541625977e+00
-5.867286586999765907e-01,3.346256994948386687e-01,2.450173139572143555e+00
-4.295151522839193436e-01,2.992925474605725999e-01,2.191459178924560547e+00
-2.973201831809202944e-01,2.662215474713267582e-01,1.949308991432189941e+00
-2.004060735564686113e-01,2.509692664807875451e-01,1.837629795074462891e+00
-1.230903194882503188e-01,2.563090374152433570e-01,1.876728296279907227e+00
-4.384266365077966326e-02,2.707084222714113420e-01,1.982162475585937500e+00
4.280109061425310668e-02,2.737846573028014929e-01,2.004687070846557617e+00
1.329649875765372968e-01,2.801517393273907919e-01,2.051307678222656250e+00
2.247468392472699861e-01,2.834476333322846209e-01,2.075440645217895508e+00
3.264875008879434826e-01,2.938176794195252461e-01,2.151371479034423828e+00
4.332134330356553487e-01,3.030572274484982231e-01,2.219024658203125000e+00
5.729110527316957358e-01,3.277966042512984179e-01,2.400169610977172852e+00
6.772442943987544428e-01,3.277966042512984179e-01,2.400169610977172852e+00
7.978603997830746586e-01,3.346256994948386687e-01,2.450173139572143555e+00
2.657732245197506504e+00,9.833897801925295390e-01,7.200508594512939453e+00
2.799343619152617091e+00,9.266557681881536501e-01,6.785094738006591797e+00
2.637751708585448274e+00,7.899360636173977657e-01,5.784015178680419922e+00
2.753747466065318505e+00,7.529077994423627462e-01,5.512889385223388672e+00
2.947335798948271801e+00,7.413246145505230089e-01,5.428075790405273438e+00
2.652741194575275241e+00,6.177705121254358778e-01,4.523396492004394531e+00
3.317176101811472044e+00,7.191955196349034685e-01,5.266043663024902344e+00
3.771234708422655846e+00,7.648587323992410703e-01,5.600395679473876953e+00
-3.836431897550273806e+00,1.024565861996845628e+00,5.690724372863769531e+00
-3.423412333687328335e+00,9.772782490925823184e-01,5.428075790405273438e+00
-3.396472379744845949e+00,1.041362067297826766e+00,5.784015178680419922e+00
-2.997622282622780521e+00,9.925482056377001872e-01,5.512889385223388672e+00
-3.043290231239884402e+00,1.095225564775880400e+00,6.083188056945800781e+00
-2.518341470232105639e+00,9.925482056377001872e-01,5.512889385223388672e+00
-1.918906159188857430e+00,8.358300679054316840e-01,4.642433166503906250e+00
-1.403224530195628317e+00,6.830439223063002885e-01,3.793816328048706055e+00
-1.066323120733284169e+00,5.881767192214382156e-01,3.266897439956665039e+00
-7.922691439090860932e-01,5.041514797505484147e-01,2.800197839736938477e+00
-5.867286586999765907e-01,4.411325501473811195e-01,2.450173139572143555e+00
-4.295151522839193436e-01,3.945533319786900806e-01,2.191459178924560547e+00
-2.989719550064081632e-01,3.529060272403419796e-01,1.960138440132141113e+00
-2.057645254162986381e-01,3.396956437189244116e-01,1.886764287948608398e+00
-1.230903194882503188e-01,3.378887499420849538e-01,1.876728296279907227e+00
-4.287908969757007333e-02,3.490279491705801096e-01,1.938598513603210449e+00
4.280109061425310668e-02,3.609266241341827497e-01,2.004687070846557617e+00
1.345292773663006869e-01,3.736651952132539201e-01,2.075440645217895508e+00
2.234325457970446627e-01,3.714800444885950625e-01,2.063303709030151367e+00
3.225539143602640380e-01,3.826691871985685722e-01,2.125451326370239258e+00
4.359553025796837900e-01,4.020448542004533277e-01,2.233069181442260742e+00
5.808132321533410192e-01,4.380902259103522378e-01,2.433275222778320312e+00
6.913535491305322633e-01,4.411325501473811195e-01,2.450173139572143555e+00
7.978603997830746586e-01,4.411325501473811195e-01,2.450173139572143555e+00
2.657732245197506504e+00,1.296389494829861766e+00,7.200508594512939453e+00
2.970731959834838953e+00,1.296389494829861766e+00,7.200508594512939453e+00
2.514107059869981065e+00,9.925482056377001872e-01,5.512889385223388672e+00
2.711382164406212159e+00,9.772782490925823184e-01,5.428075790405273438e+00
2.902679266546531966e+00,9.624710263079605532e-01,5.345832347869873047e+00
2.758850842358286481e+00,8.469744825469045502e-01,4.704332351684570312e+00
3.175011463225554387e+00,9.074726721360291126e-01,5.040356159210205078e+00
3.254627152538120516e+00,8.701792499542907455e-01,4.833218097686767578e+00
-3.775536331734874018e+00,1.251747186602952588e+00,5.600395679473876953e+00
-3.371542531862108838e+00,1.194849611434206649e+00,5.345832347869873047e+00
-3.396472379744845949e+00,1.292788070978255544e+00,5.784015178680419922e+00
-2.997622282622780521e+00,1.232188611833037628e+00,5.512889385223388672e+00
-2.757981876427443080e+00,1.232188611833037628e+00,5.512889385223388672e+00
-2.442028191357125344e+00,1.194849611434206649e+00,5.345832347869873047e+00
-2.144659906133024929e+00,1.159706972669138469e+00,5.188601970672607422e+00
-1.403224530195628317e+00,8.479577492227197144e-01,3.793816328048706055e+00
-1.066323120733284169e+00,7.301858499702134075e-01,3.266897439956665039e+00
-7.986072938224444417e-01,6.308805794900135266e-01,2.822599411010742188e+00
-5.867286586999765907e-01,5.476394007999234592e-01,2.450173139572143555e+00
-4.268638034150184501e-01,4.867905488837910855e-01,2.177931547164916992e+00
-3.006421820782840260e-01,4.405590442411964069e-01,1.971088886260986328e+00
-2.004060735564686113e-01,4.107295372776791909e-01,1.837629795074462891e+00
-1.205259381580228023e-01,4.107295372776791909e-01,1.837629795074462891e+00
-4.311599049797306543e-02,4.356910092599581841e-01,1.949308991432189941e+00
4.304566705322002834e-02,4.506289701245657642e-01,2.016142368316650391e+00
1.306855854934580730e-01,4.506289701245657642e-01,2.016142368316650391e+00
2.287842136463454634e-01,4.722159927203056218e-01,2.112724065780639648e+00
3.325711238610205567e-01,4.898141164968075612e-01,2.191459178924560547e+00
4.332134330356553487e-01,4.959752902975749222e-01,2.219024658203125000e+00
5.729110527316957358e-01,5.364630875854159431e-01,2.400169610977172852e+00
6.865855453680054232e-01,5.438625391250165864e-01,2.433275222778320312e+00
8.090978505198674897e-01,5.553526182872046135e-01,2.484682559967041016e+00
2.553507427111025407e+00,1.546275892506779659e+00,6.918135643005371094e+00
2.109650272262692638e+00,1.142899605159217735e+00,5.113404750823974609e+00
2.401535134421712403e+00,1.177016003329783400e+00,5.266043663024902344e+00
2.753747466065318505e+00,1.232188611833037628e+00,5.512889385223388672e+00
2.947335798948271801e+00,1.213231883634641628e+00,5.428075790405273438e+00
2.955911656761115669e+00,1.126572478600468052e+00,5.040356159210205078e+00
3.584690158230939616e+00,1.271936597189552653e+00,5.690724372863769531e+00
4.319777833652703514e+00,1.433819469774183508e+00,6.414998531341552734e+00
